Dia,Ppt_mm
1998-01-01,0
1998-01-02,0
1998-01-03,0
1998-01-04,0
1998-01-05,0
1998-01-06,0
1998-01-07,0
1998-01-08,0
1998-01-09,0
1998-01-10,0
1998-01-11,0
1998-01-12,0
1998-01-13,0
1998-01-14,0
1998-01-15,0
1998-01-16,0
1998-01-17,0
1998-01-18,0
1998-01-19,0
1998-01-20,0
1998-01-21,0
1998-01-22,0
1998-01-23,0
1998-01-24,0
1998-01-25,0
1998-01-26,0
1998-01-27,0
1998-01-28,0
1998-01-29,0
1998-01-30,0
1998-01-31,0
1998-02-01,-9999
1998-02-02,-9999
1998-02-03,-9999
1998-02-04,-9999
1998-02-05,-9999
1998-02-06,-9999
1998-02-07,-9999
1998-02-08,-9999
1998-02-09,-9999
1998-02-10,-9999
1998-02-11,-9999
1998-02-12,-9999
1998-02-13,-9999
1998-02-14,-9999
1998-02-15,-9999
1998-02-16,-9999
1998-02-17,-9999
1998-02-18,-9999
1998-02-19,-9999
1998-02-20,-9999
1998-02-21,-9999
1998-02-22,-9999
1998-02-23,-9999
1998-02-24,-9999
1998-02-25,-9999
1998-02-26,-9999
1998-02-27,-9999
1998-02-28,-9999
1998-03-01,-9999
1998-03-02,-9999
1998-03-03,-9999
1998-03-04,-9999
1998-03-05,-9999
1998-03-06,-9999
1998-03-07,-9999
1998-03-08,-9999
1998-03-09,-9999
1998-03-10,-9999
1998-03-11,-9999
1998-03-12,-9999
1998-03-13,-9999
1998-03-14,-9999
1998-03-15,-9999
1998-03-16,-9999
1998-03-17,-9999
1998-03-18,-9999
1998-03-19,-9999
1998-03-20,-9999
1998-03-21,-9999
1998-03-22,-9999
1998-03-23,-9999
1998-03-24,-9999
1998-03-25,-9999
1998-03-26,-9999
1998-03-27,-9999
1998-03-28,-9999
1998-03-29,-9999
1998-03-30,-9999
1998-03-31,-9999
1998-04-01,-9999
1998-04-02,-9999
1998-04-03,-9999
1998-04-04,-9999
1998-04-05,-9999
1998-04-06,-9999
1998-04-07,-9999
1998-04-08,-9999
1998-04-09,-9999
1998-04-10,-9999
1998-04-11,-9999
1998-04-12,-9999
1998-04-13,-9999
1998-04-14,-9999
1998-04-15,-9999
1998-04-16,-9999
1998-04-17,-9999
1998-04-18,-9999
1998-04-19,-9999
1998-04-20,-9999
1998-04-21,-9999
1998-04-22,-9999
1998-04-23,-9999
1998-04-24,-9999
1998-04-25,-9999
1998-04-26,-9999
1998-04-27,-9999
1998-04-28,-9999
1998-04-29,-9999
1998-04-30,-9999
1998-05-01,0
1998-05-02,0.899999976
1998-05-03,6.800000191
1998-05-04,4.300000191
1998-05-05,1.899999976
1998-05-06,1.899999976
1998-05-07,0
1998-05-08,0
1998-05-09,0
1998-05-10,0
1998-05-11,0
1998-05-12,0
1998-05-13,0
1998-05-14,0
1998-05-15,0
1998-05-16,0
1998-05-17,0
1998-05-18,0
1998-05-19,0
1998-05-20,0
1998-05-21,0
1998-05-22,0
1998-05-23,0
1998-05-24,0
1998-05-25,0
1998-05-26,19
1998-05-27,0
1998-05-28,0
1998-05-29,0
1998-05-30,0
1998-05-31,0
1998-06-01,0
1998-06-02,0
1998-06-03,0
1998-06-04,0
1998-06-05,0
1998-06-06,0
1998-06-07,0
1998-06-08,0
1998-06-09,0
1998-06-10,0
1998-06-11,0
1998-06-12,0
1998-06-13,0
1998-06-14,0
1998-06-15,0
1998-06-16,0
1998-06-17,0
1998-06-18,0
1998-06-19,0
1998-06-20,0
1998-06-21,0
1998-06-22,0
1998-06-23,0
1998-06-24,0
1998-06-25,0
1998-06-26,0
1998-06-27,0
1998-06-28,0
1998-06-29,0
1998-06-30,0
1998-07-01,0
1998-07-02,0
1998-07-03,0
1998-07-04,0
1998-07-05,0
1998-07-06,0
1998-07-07,0
1998-07-08,0
1998-07-09,0
1998-07-10,0
1998-07-11,0
1998-07-12,0
1998-07-13,0
1998-07-14,0
1998-07-15,0
1998-07-16,0
1998-07-17,0
1998-07-18,0
1998-07-19,0
1998-07-20,0
1998-07-21,0
1998-07-22,0
1998-07-23,0
1998-07-24,0
1998-07-25,0
1998-07-26,0
1998-07-27,0
1998-07-28,0
1998-07-29,0
1998-07-30,0
1998-07-31,0
1998-08-01,0
1998-08-02,0
1998-08-03,0
1998-08-04,0
1998-08-05,0
1998-08-06,0
1998-08-07,0
1998-08-08,0
1998-08-09,0
1998-08-10,0
1998-08-11,0
1998-08-12,0
1998-08-13,0
1998-08-14,0
1998-08-15,0
1998-08-16,0
1998-08-17,0
1998-08-18,0
1998-08-19,0
1998-08-20,0
1998-08-21,0
1998-08-22,0
1998-08-23,0
1998-08-24,0
1998-08-25,0
1998-08-26,0
1998-08-27,0
1998-08-28,0
1998-08-29,0
1998-08-30,0
1998-08-31,0
1998-09-01,0
1998-09-02,0
1998-09-03,0
1998-09-04,0
1998-09-05,0
1998-09-06,0
1998-09-07,0
1998-09-08,0
1998-09-09,0
1998-09-10,0
1998-09-11,0
1998-09-12,0
1998-09-13,0
1998-09-14,0
1998-09-15,0
1998-09-16,0
1998-09-17,0
1998-09-18,0
1998-09-19,0
1998-09-20,0
1998-09-21,0
1998-09-22,0
1998-09-23,0
1998-09-24,0
1998-09-25,0
1998-09-26,0
1998-09-27,0
1998-09-28,0
1998-09-29,0
1998-09-30,0
1998-10-01,0
1998-10-02,0
1998-10-03,0
1998-10-04,0
1998-10-05,0
1998-10-06,0
1998-10-07,0
1998-10-08,0
1998-10-09,0
1998-10-10,0
1998-10-11,0
1998-10-12,0
1998-10-13,0
1998-10-14,0
1998-10-15,0
1998-10-16,0
1998-10-17,0
1998-10-18,0
1998-10-19,0
1998-10-20,0
1998-10-21,0
1998-10-22,0
1998-10-23,0
1998-10-24,2.400000095
1998-10-25,0
1998-10-26,0
1998-10-27,0
1998-10-28,0
1998-10-29,0
1998-10-30,0
1998-10-31,0
1998-11-01,0
1998-11-02,0
1998-11-03,0
1998-11-04,0
1998-11-05,0
1998-11-06,0
1998-11-07,0
1998-11-08,0
1998-11-09,0
1998-11-10,0
1998-11-11,0
1998-11-12,0
1998-11-13,0
1998-11-14,0
1998-11-15,0
1998-11-16,0
1998-11-17,0
1998-11-18,0
1998-11-19,0
1998-11-20,0
1998-11-21,0
1998-11-22,0
1998-11-23,0
1998-11-24,0
1998-11-25,0
1998-11-26,0
1998-11-27,0
1998-11-28,0
1998-11-29,0
1998-11-30,0
1998-12-01,0
1998-12-02,0
1998-12-03,0
1998-12-04,0
1998-12-05,0
1998-12-06,0
1998-12-07,0
1998-12-08,0
1998-12-09,0
1998-12-10,0
1998-12-11,0
1998-12-12,0
1998-12-13,0
1998-12-14,0
1998-12-15,0
1998-12-16,0
1998-12-17,0
1998-12-18,0
1998-12-19,0
1998-12-20,0
1998-12-21,0
1998-12-22,0
1998-12-23,0
1998-12-24,0
1998-12-25,0
1998-12-26,0
1998-12-27,0
1998-12-28,0
1998-12-29,0
1998-12-30,0
1998-12-31,0
1999-01-01,0
1999-01-02,0
1999-01-03,0
1999-01-04,0
1999-01-05,0
1999-01-06,0
1999-01-07,0
1999-01-08,0
1999-01-09,0
1999-01-10,0
1999-01-11,0
1999-01-12,0
1999-01-13,0
1999-01-14,0
1999-01-15,0
1999-01-16,0
1999-01-17,0
1999-01-18,0
1999-01-19,0
1999-01-20,0
1999-01-21,0
1999-01-22,0
1999-01-23,0
1999-01-24,0
1999-01-25,5
1999-01-26,2
1999-01-27,3
1999-01-28,0
1999-01-29,0
1999-01-30,0
1999-01-31,0
1999-02-01,0
1999-02-02,0
1999-02-03,1.5
1999-02-04,0.5
1999-02-05,6.5
1999-02-06,0.5
1999-02-07,0
1999-02-08,0
1999-02-09,0
1999-02-10,0
1999-02-11,15
1999-02-12,2
1999-02-13,39.5
1999-02-14,1.700000048
1999-02-15,37
1999-02-16,58
1999-02-17,0
1999-02-18,0
1999-02-19,36.5
1999-02-20,5.5
1999-02-21,4.099999905
1999-02-22,34
1999-02-23,8
1999-02-24,73
1999-02-25,12
1999-02-26,0
1999-02-27,0
1999-02-28,5
1999-03-01,41
1999-03-02,19
1999-03-03,0
1999-03-04,0
1999-03-05,0.100000001
1999-03-06,0.300000012
1999-03-07,0.800000012
1999-03-08,0.699999988
1999-03-09,0
1999-03-10,0
1999-03-11,0
1999-03-12,0
1999-03-13,0
1999-03-14,5
1999-03-15,18
1999-03-16,4.199999809
1999-03-17,18
1999-03-18,19
1999-03-19,0.800000012
1999-03-20,0
1999-03-21,0
1999-03-22,0.5
1999-03-23,6
1999-03-24,0
1999-03-25,0
1999-03-26,0
1999-03-27,0
1999-03-28,0
1999-03-29,0
1999-03-30,0
1999-03-31,0
1999-04-01,0
1999-04-02,0
1999-04-03,13.5
1999-04-04,2.5
1999-04-05,0
1999-04-06,4.199999809
1999-04-07,0
1999-04-08,28
1999-04-09,0
1999-04-10,24.5
1999-04-11,11
1999-04-12,2
1999-04-13,0
1999-04-14,2.200000048
1999-04-15,0
1999-04-16,0
1999-04-17,0
1999-04-18,0
1999-04-19,0
1999-04-20,0
1999-04-21,0
1999-04-22,0
1999-04-23,0
1999-04-24,0
1999-04-25,2
1999-04-26,0
1999-04-27,6.599999905
1999-04-28,0
1999-04-29,0
1999-04-30,1
1999-05-01,6
1999-05-02,3.5
1999-05-03,0.600000024
1999-05-04,0
1999-05-05,2.299999952
1999-05-06,0
1999-05-07,0
1999-05-08,0
1999-05-09,0
1999-05-10,0
1999-05-11,0.699999988
1999-05-12,0
1999-05-13,0
1999-05-14,0
1999-05-15,1.600000024
1999-05-16,0
1999-05-17,0
1999-05-18,0
1999-05-19,0
1999-05-20,0
1999-05-21,0
1999-05-22,0
1999-05-23,0
1999-05-24,3.5
1999-05-25,0
1999-05-26,0
1999-05-27,0
1999-05-28,0
1999-05-29,0
1999-05-30,0
1999-05-31,0
1999-06-01,0
1999-06-02,0
1999-06-03,0
1999-06-04,0
1999-06-05,0
1999-06-06,0
1999-06-07,0
1999-06-08,0
1999-06-09,0
1999-06-10,0
1999-06-11,0
1999-06-12,0
1999-06-13,0
1999-06-14,0
1999-06-15,0
1999-06-16,0
1999-06-17,0
1999-06-18,0
1999-06-19,0
1999-06-20,1
1999-06-21,0
1999-06-22,0
1999-06-23,0
1999-06-24,0
1999-06-25,0
1999-06-26,0
1999-06-27,0
1999-06-28,0
1999-06-29,0
1999-06-30,0
1999-07-01,0
1999-07-02,0
1999-07-03,0
1999-07-04,0
1999-07-05,0
1999-07-06,0
1999-07-07,0
1999-07-08,0
1999-07-09,0
1999-07-10,0
1999-07-11,0
1999-07-12,0
1999-07-13,0
1999-07-14,0
1999-07-15,0
1999-07-16,0
1999-07-17,0
1999-07-18,0
1999-07-19,0
1999-07-20,0
1999-07-21,0
1999-07-22,0
1999-07-23,0
1999-07-24,0
1999-07-25,0
1999-07-26,0
1999-07-27,0
1999-07-28,0
1999-07-29,0
1999-07-30,0
1999-07-31,0
1999-08-01,0
1999-08-02,0
1999-08-03,0
1999-08-04,0
1999-08-05,0
1999-08-06,0
1999-08-07,0
1999-08-08,0
1999-08-09,0
1999-08-10,0
1999-08-11,0
1999-08-12,0
1999-08-13,0
1999-08-14,0
1999-08-15,0
1999-08-16,0
1999-08-17,0
1999-08-18,0
1999-08-19,0
1999-08-20,0
1999-08-21,0
1999-08-22,0
1999-08-23,0
1999-08-24,0
1999-08-25,0
1999-08-26,0
1999-08-27,0
1999-08-28,0
1999-08-29,0
1999-08-30,0
1999-08-31,0
1999-09-01,0
1999-09-02,0
1999-09-03,0
1999-09-04,0
1999-09-05,0
1999-09-06,0
1999-09-07,0
1999-09-08,0
1999-09-09,0
1999-09-10,0
1999-09-11,0
1999-09-12,0
1999-09-13,0
1999-09-14,0
1999-09-15,0
1999-09-16,0
1999-09-17,0
1999-09-18,0
1999-09-19,0
1999-09-20,0
1999-09-21,0
1999-09-22,0
1999-09-23,0
1999-09-24,0
1999-09-25,0
1999-09-26,0
1999-09-27,0
1999-09-28,0
1999-09-29,2.599999905
1999-09-30,0
1999-10-01,0
1999-10-02,0
1999-10-03,0
1999-10-04,0
1999-10-05,0
1999-10-06,0
1999-10-07,0
1999-10-08,0
1999-10-09,0
1999-10-10,0
1999-10-11,0
1999-10-12,0
1999-10-13,0
1999-10-14,0
1999-10-15,0
1999-10-16,0
1999-10-17,0
1999-10-18,0
1999-10-19,0
1999-10-20,0
1999-10-21,0
1999-10-22,1
1999-10-23,0
1999-10-24,0
1999-10-25,0
1999-10-26,0
1999-10-27,0
1999-10-28,0
1999-10-29,0
1999-10-30,0
1999-10-31,0
1999-11-01,0
1999-11-02,0
1999-11-03,0
1999-11-04,0
1999-11-05,0
1999-11-06,0
1999-11-07,0
1999-11-08,0
1999-11-09,0
1999-11-10,0
1999-11-11,0
1999-11-12,0
1999-11-13,0
1999-11-14,0
1999-11-15,0
1999-11-16,0
1999-11-17,0
1999-11-18,0
1999-11-19,0
1999-11-20,0
1999-11-21,0
1999-11-22,0
1999-11-23,0
1999-11-24,0
1999-11-25,0
1999-11-26,0
1999-11-27,0
1999-11-28,0
1999-11-29,0
1999-11-30,0
1999-12-01,0
1999-12-02,0
1999-12-03,0
1999-12-04,0
1999-12-05,0
1999-12-06,0
1999-12-07,0
1999-12-08,0
1999-12-09,0
1999-12-10,0
1999-12-11,0
1999-12-12,0
1999-12-13,3.700000048
1999-12-14,0
1999-12-15,0
1999-12-16,0
1999-12-17,0
1999-12-18,1
1999-12-19,0
1999-12-20,3.799999952
1999-12-21,0
1999-12-22,0
1999-12-23,0
1999-12-24,0
1999-12-25,0
1999-12-26,0
1999-12-27,0
1999-12-28,0
1999-12-29,0
1999-12-30,0
1999-12-31,0
2000-01-01,0
2000-01-02,0
2000-01-03,0
2000-01-04,0
2000-01-05,0
2000-01-06,0
2000-01-07,0
2000-01-08,0
2000-01-09,0
2000-01-10,0
2000-01-11,0
2000-01-12,0
2000-01-13,0
2000-01-14,0
2000-01-15,0
2000-01-16,0
2000-01-17,0
2000-01-18,0
2000-01-19,0
2000-01-20,0
2000-01-21,0
2000-01-22,0
2000-01-23,0
2000-01-24,0
2000-01-25,0
2000-01-26,22.20000076
2000-01-27,2.400000095
2000-01-28,0
2000-01-29,0
2000-01-30,0
2000-01-31,1.399999976
2000-02-01,1.200000048
2000-02-02,4.800000191
2000-02-03,0
2000-02-04,0
2000-02-05,51.5
2000-02-06,19.29999924
2000-02-07,0
2000-02-08,0
2000-02-09,0
2000-02-10,0
2000-02-11,0
2000-02-12,0
2000-02-13,0
2000-02-14,0
2000-02-15,10.30000019
2000-02-16,22.5
2000-02-17,2.5
2000-02-18,2.5
2000-02-19,30.20000076
2000-02-20,27
2000-02-21,0
2000-02-22,1.100000024
2000-02-23,0.600000024
2000-02-24,3.599999905
2000-02-25,2.400000095
2000-02-26,40
2000-02-27,0
2000-02-28,0
2000-02-29,0
2000-03-01,0
2000-03-02,0
2000-03-03,4
2000-03-04,8.199999809
2000-03-05,0.300000012
2000-03-06,8
2000-03-07,35.59999847
2000-03-08,78
2000-03-09,2
2000-03-10,0.5
2000-03-11,0.5
2000-03-12,48
2000-03-13,43
2000-03-14,3
2000-03-15,0
2000-03-16,6.400000095
2000-03-17,0
2000-03-18,0.200000003
2000-03-19,0
2000-03-20,5
2000-03-21,0
2000-03-22,0
2000-03-23,3.5
2000-03-24,0
2000-03-25,0
2000-03-26,0
2000-03-27,0
2000-03-28,0.899999976
2000-03-29,0
2000-03-30,0
2000-03-31,0
2000-04-01,0
2000-04-02,0
2000-04-03,0
2000-04-04,3.200000048
2000-04-05,5.800000191
2000-04-06,0
2000-04-07,0
2000-04-08,0
2000-04-09,0.400000006
2000-04-10,2.400000095
2000-04-11,4.900000095
2000-04-12,0.5
2000-04-13,0
2000-04-14,0
2000-04-15,3
2000-04-16,0
2000-04-17,4
2000-04-18,0
2000-04-19,0
2000-04-20,0.600000024
2000-04-21,0
2000-04-22,0
2000-04-23,4.400000095
2000-04-24,16.60000038
2000-04-25,0.200000003
2000-04-26,0.200000003
2000-04-27,0
2000-04-28,0
2000-04-29,0
2000-04-30,0
2000-05-01,0
2000-05-02,0
2000-05-03,0
2000-05-04,2
2000-05-05,0
2000-05-06,0
2000-05-07,0
2000-05-08,1.5
2000-05-09,0.600000024
2000-05-10,0.5
2000-05-11,0
2000-05-12,0
2000-05-13,1.100000024
2000-05-14,0
2000-05-15,0
2000-05-16,0
2000-05-17,0
2000-05-18,1.200000048
2000-05-19,0
2000-05-20,2.200000048
2000-05-21,0
2000-05-22,0
2000-05-23,0
2000-05-24,0
2000-05-25,0
2000-05-26,0
2000-05-27,0
2000-05-28,0
2000-05-29,0
2000-05-30,0
2000-05-31,0
2000-06-01,0
2000-06-02,0
2000-06-03,0
2000-06-04,0
2000-06-05,0
2000-06-06,0
2000-06-07,0
2000-06-08,0
2000-06-09,0
2000-06-10,0
2000-06-11,0
2000-06-12,0
2000-06-13,0
2000-06-14,0
2000-06-15,0.300000012
2000-06-16,2.599999905
2000-06-17,2.099999905
2000-06-18,0
2000-06-19,0
2000-06-20,0
2000-06-21,0.300000012
2000-06-22,0
2000-06-23,0
2000-06-24,0
2000-06-25,0
2000-06-26,0
2000-06-27,0
2000-06-28,0
2000-06-29,0
2000-06-30,0
2000-07-01,0
2000-07-02,0
2000-07-03,0
2000-07-04,0
2000-07-05,0
2000-07-06,0
2000-07-07,0
2000-07-08,0
2000-07-09,0
2000-07-10,0
2000-07-11,0
2000-07-12,0
2000-07-13,0
2000-07-14,0
2000-07-15,0
2000-07-16,0
2000-07-17,0
2000-07-18,0
2000-07-19,0
2000-07-20,0
2000-07-21,0
2000-07-22,0
2000-07-23,0
2000-07-24,0
2000-07-25,0
2000-07-26,0
2000-07-27,0
2000-07-28,0
2000-07-29,0
2000-07-30,0
2000-07-31,0
2000-08-01,0
2000-08-02,0
2000-08-03,0
2000-08-04,0
2000-08-05,0
2000-08-06,0
2000-08-07,0
2000-08-08,0
2000-08-09,0
2000-08-10,0
2000-08-11,0
2000-08-12,0
2000-08-13,0
2000-08-14,0
2000-08-15,0
2000-08-16,0
2000-08-17,0
2000-08-18,0
2000-08-19,0
2000-08-20,0
2000-08-21,0
2000-08-22,0
2000-08-23,0
2000-08-24,0
2000-08-25,0
2000-08-26,0
2000-08-27,0
2000-08-28,0
2000-08-29,0
2000-08-30,0
2000-08-31,0
2000-09-01,0
2000-09-02,0
2000-09-03,0
2000-09-04,0
2000-09-05,0
2000-09-06,0
2000-09-07,0
2000-09-08,0
2000-09-09,0
2000-09-10,0
2000-09-11,0
2000-09-12,0
2000-09-13,0
2000-09-14,0
2000-09-15,0
2000-09-16,0
2000-09-17,0
2000-09-18,0
2000-09-19,0
2000-09-20,0
2000-09-21,0
2000-09-22,0
2000-09-23,0
2000-09-24,0
2000-09-25,0
2000-09-26,0
2000-09-27,0
2000-09-28,0
2000-09-29,0
2000-09-30,0
2000-10-01,0
2000-10-02,0
2000-10-03,0
2000-10-04,0
2000-10-05,0
2000-10-06,0
2000-10-07,0
2000-10-08,0
2000-10-09,0
2000-10-10,0
2000-10-11,0
2000-10-12,0
2000-10-13,0
2000-10-14,0
2000-10-15,0
2000-10-16,0
2000-10-17,0
2000-10-18,0
2000-10-19,0
2000-10-20,0
2000-10-21,0
2000-10-22,0
2000-10-23,0
2000-10-24,0
2000-10-25,0
2000-10-26,0
2000-10-27,0
2000-10-28,0
2000-10-29,0
2000-10-30,0
2000-10-31,0
2000-11-01,0
2000-11-02,0
2000-11-03,0
2000-11-04,0
2000-11-05,0
2000-11-06,0
2000-11-07,0
2000-11-08,0
2000-11-09,0
2000-11-10,0
2000-11-11,0
2000-11-12,0
2000-11-13,0
2000-11-14,0
2000-11-15,0
2000-11-16,0
2000-11-17,0
2000-11-18,0
2000-11-19,0
2000-11-20,0
2000-11-21,0
2000-11-22,0
2000-11-23,0
2000-11-24,0
2000-11-25,0
2000-11-26,0
2000-11-27,0
2000-11-28,0
2000-11-29,0
2000-11-30,0
2000-12-01,0
2000-12-02,0
2000-12-03,0
2000-12-04,0
2000-12-05,1.5
2000-12-06,0
2000-12-07,18
2000-12-08,18
2000-12-09,0.200000003
2000-12-10,0
2000-12-11,0
2000-12-12,0
2000-12-13,0
2000-12-14,0
2000-12-15,0
2000-12-16,0
2000-12-17,0
2000-12-18,0
2000-12-19,0
2000-12-20,0
2000-12-21,0
2000-12-22,0
2000-12-23,0
2000-12-24,0
2000-12-25,0
2000-12-26,0
2000-12-27,0
2000-12-28,3.5
2000-12-29,0
2000-12-30,0
2000-12-31,0
2001-01-01,0
2001-01-02,0
2001-01-03,0
2001-01-04,0
2001-01-05,1.799999952
2001-01-06,0
2001-01-07,0
2001-01-08,0
2001-01-09,0
2001-01-10,1
2001-01-11,0
2001-01-12,0
2001-01-13,0
2001-01-14,0
2001-01-15,0
2001-01-16,2
2001-01-17,12
2001-01-18,44
2001-01-19,10
2001-01-20,2.200000048
2001-01-21,3.599999905
2001-01-22,0
2001-01-23,1
2001-01-24,0
2001-01-25,0
2001-01-26,0
2001-01-27,0
2001-01-28,0
2001-01-29,0
2001-01-30,0
2001-01-31,0
2001-02-01,0
2001-02-02,7
2001-02-03,6.800000191
2001-02-04,1
2001-02-05,0
2001-02-06,0
2001-02-07,0
2001-02-08,0
2001-02-09,0
2001-02-10,0
2001-02-11,0
2001-02-12,0
2001-02-13,1.5
2001-02-14,0
2001-02-15,0
2001-02-16,0
2001-02-17,0.200000003
2001-02-18,0.699999988
2001-02-19,2.799999952
2001-02-20,0.5
2001-02-21,8
2001-02-22,2.5
2001-02-23,0
2001-02-24,0
2001-02-25,0.800000012
2001-02-26,8.5
2001-02-27,73.5
2001-02-28,1.799999952
2001-03-01,0
2001-03-02,2.799999952
2001-03-03,16.5
2001-03-04,0
2001-03-05,0
2001-03-06,2.599999905
2001-03-07,0.200000003
2001-03-08,1
2001-03-09,0
2001-03-10,0
2001-03-11,0.899999976
2001-03-12,0
2001-03-13,0
2001-03-14,0.5
2001-03-15,40
2001-03-16,60
2001-03-17,66
2001-03-18,0.200000003
2001-03-19,48
2001-03-20,3
2001-03-21,0.899999976
2001-03-22,55
2001-03-23,44.59999847
2001-03-24,6
2001-03-25,10
2001-03-26,52
2001-03-27,12
2001-03-28,9.5
2001-03-29,0
2001-03-30,1
2001-03-31,0.400000006
2001-04-01,21
2001-04-02,5
2001-04-03,0.400000006
2001-04-04,0.200000003
2001-04-05,0
2001-04-06,0
2001-04-07,31
2001-04-08,0.300000012
2001-04-09,0
2001-04-10,0
2001-04-11,0
2001-04-12,0
2001-04-13,1
2001-04-14,0
2001-04-15,0
2001-04-16,0
2001-04-17,0
2001-04-18,0
2001-04-19,0
2001-04-20,18
2001-04-21,0
2001-04-22,5.900000095
2001-04-23,0
2001-04-24,0
2001-04-25,0.300000012
2001-04-26,0
2001-04-27,0
2001-04-28,0
2001-04-29,0
2001-04-30,0
2001-05-01,0
2001-05-02,0
2001-05-03,0
2001-05-04,0
2001-05-05,0
2001-05-06,0
2001-05-07,0
2001-05-08,0
2001-05-09,0.600000024
2001-05-10,0.400000006
2001-05-11,0
2001-05-12,0
2001-05-13,0
2001-05-14,0
2001-05-15,0
2001-05-16,0
2001-05-17,0
2001-05-18,0
2001-05-19,0
2001-05-20,0
2001-05-21,0
2001-05-22,0
2001-05-23,0
2001-05-24,0
2001-05-25,0
2001-05-26,0
2001-05-27,0
2001-05-28,0
2001-05-29,0.400000006
2001-05-30,0
2001-05-31,0
2001-06-01,0
2001-06-02,0
2001-06-03,0
2001-06-04,0
2001-06-05,0
2001-06-06,0
2001-06-07,0
2001-06-08,0
2001-06-09,0
2001-06-10,0.400000006
2001-06-11,0
2001-06-12,0
2001-06-13,0
2001-06-14,0
2001-06-15,0
2001-06-16,0
2001-06-17,0
2001-06-18,0
2001-06-19,0
2001-06-20,0
2001-06-21,0
2001-06-22,0
2001-06-23,0
2001-06-24,0
2001-06-25,0
2001-06-26,0
2001-06-27,0
2001-06-28,0
2001-06-29,0
2001-06-30,0
2001-07-01,0
2001-07-02,0
2001-07-03,0
2001-07-04,0
2001-07-05,0
2001-07-06,0
2001-07-07,0
2001-07-08,0
2001-07-09,0
2001-07-10,0
2001-07-11,0
2001-07-12,0
2001-07-13,0
2001-07-14,0
2001-07-15,0
2001-07-16,0
2001-07-17,0
2001-07-18,0
2001-07-19,0
2001-07-20,0
2001-07-21,0
2001-07-22,0
2001-07-23,0
2001-07-24,0
2001-07-25,0
2001-07-26,0
2001-07-27,0
2001-07-28,0
2001-07-29,0
2001-07-30,0
2001-07-31,0
2001-08-01,0
2001-08-02,0
2001-08-03,0
2001-08-04,0
2001-08-05,0
2001-08-06,0
2001-08-07,0
2001-08-08,0
2001-08-09,0
2001-08-10,0
2001-08-11,0
2001-08-12,0
2001-08-13,0
2001-08-14,0
2001-08-15,0
2001-08-16,0
2001-08-17,0
2001-08-18,0
2001-08-19,0
2001-08-20,0
2001-08-21,0
2001-08-22,0
2001-08-23,0
2001-08-24,0
2001-08-25,0
2001-08-26,0
2001-08-27,0
2001-08-28,0
2001-08-29,0
2001-08-30,0
2001-08-31,0
2001-09-01,0
2001-09-02,0
2001-09-03,0
2001-09-04,0
2001-09-05,0
2001-09-06,0
2001-09-07,0
2001-09-08,0
2001-09-09,0
2001-09-10,0
2001-09-11,0
2001-09-12,0
2001-09-13,0
2001-09-14,0
2001-09-15,0
2001-09-16,0
2001-09-17,0
2001-09-18,0
2001-09-19,0
2001-09-20,0
2001-09-21,0
2001-09-22,0
2001-09-23,0
2001-09-24,0
2001-09-25,0
2001-09-26,0
2001-09-27,0
2001-09-28,0
2001-09-29,0
2001-09-30,0
2001-10-01,0
2001-10-02,0
2001-10-03,0
2001-10-04,0
2001-10-05,0
2001-10-06,0
2001-10-07,0
2001-10-08,0
2001-10-09,0
2001-10-10,0
2001-10-11,0
2001-10-12,0
2001-10-13,0
2001-10-14,0
2001-10-15,0
2001-10-16,0
2001-10-17,0
2001-10-18,0
2001-10-19,0
2001-10-20,0
2001-10-21,0
2001-10-22,0
2001-10-23,0
2001-10-24,0
2001-10-25,0
2001-10-26,0
2001-10-27,0
2001-10-28,0
2001-10-29,0
2001-10-30,0
2001-10-31,0
2001-11-01,0
2001-11-02,0
2001-11-03,0
2001-11-04,0
2001-11-05,0
2001-11-06,0
2001-11-07,0
2001-11-08,0
2001-11-09,0
2001-11-10,0
2001-11-11,0
2001-11-12,0.800000012
2001-11-13,1.399999976
2001-11-14,0.5
2001-11-15,0
2001-11-16,0
2001-11-17,0
2001-11-18,0
2001-11-19,1.200000048
2001-11-20,0
2001-11-21,0
2001-11-22,0.200000003
2001-11-23,0
2001-11-24,0
2001-11-25,0
2001-11-26,0
2001-11-27,0
2001-11-28,0
2001-11-29,0
2001-11-30,0
2001-12-01,0
2001-12-02,0
2001-12-03,0
2001-12-04,0
2001-12-05,0
2001-12-06,0
2001-12-07,0
2001-12-08,0
2001-12-09,0
2001-12-10,0
2001-12-11,0
2001-12-12,0
2001-12-13,0
2001-12-14,0
2001-12-15,0
2001-12-16,0
2001-12-17,0
2001-12-18,0
2001-12-19,0
2001-12-20,0
2001-12-21,0
2001-12-22,0
2001-12-23,0
2001-12-24,1.100000024
2001-12-25,0
2001-12-26,0
2001-12-27,0
2001-12-28,0
2001-12-29,0.600000024
2001-12-30,0
2001-12-31,0
2002-01-01,0
2002-01-02,0
2002-01-03,0
2002-01-04,0
2002-01-05,0
2002-01-06,0
2002-01-07,0
2002-01-08,0
2002-01-09,0
2002-01-10,0
2002-01-11,0
2002-01-12,0
2002-01-13,0
2002-01-14,0
2002-01-15,0
2002-01-16,0
2002-01-17,0
2002-01-18,0
2002-01-19,0
2002-01-20,0
2002-01-21,0
2002-01-22,0
2002-01-23,0
2002-01-24,0
2002-01-25,0
2002-01-26,0.400000006
2002-01-27,0
2002-01-28,0
2002-01-29,0
2002-01-30,0
2002-01-31,0
2002-02-01,0.5
2002-02-02,0
2002-02-03,0
2002-02-04,26.79999924
2002-02-05,27.70000076
2002-02-06,0
2002-02-07,0
2002-02-08,0
2002-02-09,0
2002-02-10,0
2002-02-11,0
2002-02-12,0
2002-02-13,0
2002-02-14,0.200000003
2002-02-15,0.300000012
2002-02-16,0.200000003
2002-02-17,0
2002-02-18,7.900000095
2002-02-19,0
2002-02-20,0.800000012
2002-02-21,0.100000001
2002-02-22,2.099999905
2002-02-23,0.400000006
2002-02-24,1.100000024
2002-02-25,0
2002-02-26,1.600000024
2002-02-27,0.5
2002-02-28,75
2002-03-01,0.200000003
2002-03-02,0
2002-03-03,2.200000048
2002-03-04,1.700000048
2002-03-05,23.89999962
2002-03-06,23.79999924
2002-03-07,0.699999988
2002-03-08,55
2002-03-09,0
2002-03-10,0
2002-03-11,1.200000048
2002-03-12,6.300000191
2002-03-13,0
2002-03-14,0.5
2002-03-15,1.200000048
2002-03-16,1.600000024
2002-03-17,6.300000191
2002-03-18,1
2002-03-19,77
2002-03-20,1.5
2002-03-21,2.700000048
2002-03-22,8.399999619
2002-03-23,3.200000048
2002-03-24,4
2002-03-25,6
2002-03-26,0
2002-03-27,25.20000076
2002-03-28,74
2002-03-29,32
2002-03-30,20.20000076
2002-03-31,11.80000019
2002-04-01,3
2002-04-02,2.599999905
2002-04-03,0.5
2002-04-04,1.600000024
2002-04-05,0
2002-04-06,130
2002-04-07,80.30000305
2002-04-08,1
2002-04-09,0.600000024
2002-04-10,1.399999976
2002-04-11,0
2002-04-12,0
2002-04-13,0
2002-04-14,0
2002-04-15,0
2002-04-16,0
2002-04-17,0
2002-04-18,0
2002-04-19,0
2002-04-20,0
2002-04-21,0
2002-04-22,0
2002-04-23,0.800000012
2002-04-24,0
2002-04-25,0
2002-04-26,0.899999976
2002-04-27,0
2002-04-28,0
2002-04-29,0
2002-04-30,0
2002-05-01,0
2002-05-02,0
2002-05-03,0
2002-05-04,0
2002-05-05,0
2002-05-06,0
2002-05-07,0
2002-05-08,0
2002-05-09,0
2002-05-10,0
2002-05-11,0
2002-05-12,0
2002-05-13,0
2002-05-14,0
2002-05-15,0
2002-05-16,0
2002-05-17,0
2002-05-18,0
2002-05-19,0
2002-05-20,0
2002-05-21,0
2002-05-22,2.200000048
2002-05-23,0.100000001
2002-05-24,0.800000012
2002-05-25,0
2002-05-26,0
2002-05-27,0
2002-05-28,0
2002-05-29,0
2002-05-30,0
2002-05-31,0
2002-06-01,0
2002-06-02,0
2002-06-03,0
2002-06-04,0
2002-06-05,0
2002-06-06,0
2002-06-07,0
2002-06-08,0
2002-06-09,0
2002-06-10,0
2002-06-11,0
2002-06-12,0
2002-06-13,0
2002-06-14,0
2002-06-15,0
2002-06-16,0
2002-06-17,0
2002-06-18,0
2002-06-19,0
2002-06-20,0
2002-06-21,0
2002-06-22,0
2002-06-23,0
2002-06-24,0
2002-06-25,0
2002-06-26,0
2002-06-27,0
2002-06-28,0
2002-06-29,0
2002-06-30,0
2002-07-01,0
2002-07-02,0
2002-07-03,0
2002-07-04,0
2002-07-05,0.5
2002-07-06,0
2002-07-07,0
2002-07-08,0
2002-07-09,0
2002-07-10,0
2002-07-11,0
2002-07-12,0
2002-07-13,0
2002-07-14,0
2002-07-15,0
2002-07-16,0
2002-07-17,0
2002-07-18,0
2002-07-19,0
2002-07-20,0
2002-07-21,0
2002-07-22,0
2002-07-23,0
2002-07-24,0
2002-07-25,0
2002-07-26,0
2002-07-27,0
2002-07-28,0
2002-07-29,0
2002-07-30,0
2002-07-31,0
2002-08-01,0
2002-08-02,0
2002-08-03,0
2002-08-04,0
2002-08-05,0
2002-08-06,0
2002-08-07,0
2002-08-08,0
2002-08-09,0
2002-08-10,0
2002-08-11,0
2002-08-12,0
2002-08-13,0
2002-08-14,0
2002-08-15,0
2002-08-16,0
2002-08-17,0
2002-08-18,0
2002-08-19,0
2002-08-20,0
2002-08-21,0
2002-08-22,0
2002-08-23,0
2002-08-24,0
2002-08-25,0
2002-08-26,0
2002-08-27,0
2002-08-28,0
2002-08-29,0
2002-08-30,0
2002-08-31,0
2002-09-01,0
2002-09-02,0
2002-09-03,0
2002-09-04,0
2002-09-05,0
2002-09-06,0
2002-09-07,0
2002-09-08,0
2002-09-09,0
2002-09-10,0
2002-09-11,0
2002-09-12,0
2002-09-13,0
2002-09-14,0
2002-09-15,0
2002-09-16,0
2002-09-17,0
2002-09-18,0
2002-09-19,0
2002-09-20,0
2002-09-21,0
2002-09-22,0
2002-09-23,0
2002-09-24,0
2002-09-25,0
2002-09-26,0
2002-09-27,0
2002-09-28,0
2002-09-29,0
2002-09-30,0
2002-10-01,0
2002-10-02,0
2002-10-03,0
2002-10-04,0
2002-10-05,0
2002-10-06,0
2002-10-07,0
2002-10-08,0
2002-10-09,0
2002-10-10,0
2002-10-11,0
2002-10-12,0
2002-10-13,0
2002-10-14,0
2002-10-15,0
2002-10-16,0
2002-10-17,0
2002-10-18,0
2002-10-19,0
2002-10-20,0
2002-10-21,0
2002-10-22,7.5
2002-10-23,0
2002-10-24,0
2002-10-25,1.299999952
2002-10-26,0
2002-10-27,0
2002-10-28,0
2002-10-29,0
2002-10-30,0
2002-10-31,0
2002-11-01,0
2002-11-02,0
2002-11-03,0
2002-11-04,0
2002-11-05,0
2002-11-06,0
2002-11-07,0
2002-11-08,0
2002-11-09,0
2002-11-10,0
2002-11-11,0
2002-11-12,0
2002-11-13,0
2002-11-14,0
2002-11-15,0
2002-11-16,0
2002-11-17,0
2002-11-18,0
2002-11-19,0
2002-11-20,0
2002-11-21,0
2002-11-22,0
2002-11-23,0
2002-11-24,0
2002-11-25,0
2002-11-26,0
2002-11-27,0
2002-11-28,0
2002-11-29,0
2002-11-30,0
2002-12-01,0
2002-12-02,0
2002-12-03,0
2002-12-04,0
2002-12-05,0
2002-12-06,0
2002-12-07,0
2002-12-08,0
2002-12-09,0
2002-12-10,0
2002-12-11,0
2002-12-12,0
2002-12-13,0
2002-12-14,0
2002-12-15,0
2002-12-16,0
2002-12-17,0
2002-12-18,0
2002-12-19,0
2002-12-20,0
2002-12-21,0
2002-12-22,1
2002-12-23,0
2002-12-24,0
2002-12-25,0
2002-12-26,0
2002-12-27,0
2002-12-28,0
2002-12-29,0
2002-12-30,0
2002-12-31,0
2003-01-01,0
2003-01-02,0
2003-01-03,0
2003-01-04,0
2003-01-05,0
2003-01-06,0
2003-01-07,0
2003-01-08,0
2003-01-09,0
2003-01-10,0
2003-01-11,0
2003-01-12,0
2003-01-13,0
2003-01-14,0
2003-01-15,0
2003-01-16,0
2003-01-17,0
2003-01-18,1.5
2003-01-19,22.79999924
2003-01-20,7.599999905
2003-01-21,0
2003-01-22,0
2003-01-23,0
2003-01-24,0
2003-01-25,0
2003-01-26,0.800000012
2003-01-27,0
2003-01-28,0
2003-01-29,0
2003-01-30,0.200000003
2003-01-31,1
2003-02-01,20
2003-02-02,8
2003-02-03,0
2003-02-04,0
2003-02-05,0
2003-02-06,2.799999952
2003-02-07,0.800000012
2003-02-08,2
2003-02-09,1
2003-02-10,4
2003-02-11,0
2003-02-12,0.800000012
2003-02-13,0.100000001
2003-02-14,2.599999905
2003-02-15,0
2003-02-16,0
2003-02-17,0
2003-02-18,0
2003-02-19,3
2003-02-20,0.899999976
2003-02-21,0
2003-02-22,0
2003-02-23,0
2003-02-24,0
2003-02-25,0
2003-02-26,0
2003-02-27,33
2003-02-28,0.5
2003-03-01,0
2003-03-02,0
2003-03-03,0
2003-03-04,0
2003-03-05,0
2003-03-06,0
2003-03-07,0
2003-03-08,0
2003-03-09,0
2003-03-10,0
2003-03-11,0
2003-03-12,0
2003-03-13,0
2003-03-14,0
2003-03-15,0
2003-03-16,0
2003-03-17,0
2003-03-18,0
2003-03-19,7.5
2003-03-20,0
2003-03-21,0
2003-03-22,0
2003-03-23,0
2003-03-24,0
2003-03-25,0
2003-03-26,0
2003-03-27,0
2003-03-28,0
2003-03-29,0
2003-03-30,7
2003-03-31,3.799999952
2003-04-01,0
2003-04-02,0
2003-04-03,0
2003-04-04,0
2003-04-05,0
2003-04-06,0
2003-04-07,0
2003-04-08,0.100000001
2003-04-09,0.5
2003-04-10,2.700000048
2003-04-11,1
2003-04-12,0
2003-04-13,0
2003-04-14,0
2003-04-15,0
2003-04-16,0
2003-04-17,0
2003-04-18,0
2003-04-19,0
2003-04-20,0
2003-04-21,0
2003-04-22,0
2003-04-23,0
2003-04-24,0
2003-04-25,0
2003-04-26,0
2003-04-27,0
2003-04-28,0
2003-04-29,0
2003-04-30,0
2003-05-01,0
2003-05-02,0
2003-05-03,0
2003-05-04,0
2003-05-05,0
2003-05-06,0
2003-05-07,0
2003-05-08,0
2003-05-09,0
2003-05-10,0
2003-05-11,0
2003-05-12,0
2003-05-13,0
2003-05-14,0
2003-05-15,0
2003-05-16,0
2003-05-17,0
2003-05-18,0
2003-05-19,0
2003-05-20,0
2003-05-21,0
2003-05-22,0
2003-05-23,0
2003-05-24,0
2003-05-25,0
2003-05-26,0
2003-05-27,0
2003-05-28,0
2003-05-29,0
2003-05-30,0
2003-05-31,0
2003-06-01,0
2003-06-02,0
2003-06-03,0
2003-06-04,0
2003-06-05,0
2003-06-06,0
2003-06-07,0
2003-06-08,0
2003-06-09,0
2003-06-10,0
2003-06-11,0
2003-06-12,0
2003-06-13,0
2003-06-14,0
2003-06-15,0
2003-06-16,0
2003-06-17,0
2003-06-18,0
2003-06-19,0
2003-06-20,0
2003-06-21,1
2003-06-22,0
2003-06-23,0
2003-06-24,0
2003-06-25,0
2003-06-26,0
2003-06-27,0
2003-06-28,0
2003-06-29,0
2003-06-30,0
2003-07-01,0
2003-07-02,0
2003-07-03,0
2003-07-04,0
2003-07-05,0
2003-07-06,0
2003-07-07,0
2003-07-08,0
2003-07-09,0
2003-07-10,0
2003-07-11,0
2003-07-12,0
2003-07-13,0
2003-07-14,0
2003-07-15,0
2003-07-16,0
2003-07-17,0
2003-07-18,0
2003-07-19,0
2003-07-20,0
2003-07-21,0
2003-07-22,0
2003-07-23,0
2003-07-24,0
2003-07-25,0
2003-07-26,0
2003-07-27,0
2003-07-28,0
2003-07-29,0
2003-07-30,0
2003-07-31,0
2003-08-01,0
2003-08-02,0
2003-08-03,0
2003-08-04,0
2003-08-05,0
2003-08-06,0
2003-08-07,0
2003-08-08,0
2003-08-09,0
2003-08-10,0
2003-08-11,0
2003-08-12,0
2003-08-13,0
2003-08-14,0
2003-08-15,0
2003-08-16,0
2003-08-17,0
2003-08-18,0
2003-08-19,0
2003-08-20,0
2003-08-21,0
2003-08-22,0
2003-08-23,0
2003-08-24,0
2003-08-25,0
2003-08-26,0
2003-08-27,0
2003-08-28,0
2003-08-29,0
2003-08-30,0
2003-08-31,0
2003-09-01,0
2003-09-02,0
2003-09-03,0
2003-09-04,0
2003-09-05,0
2003-09-06,0
2003-09-07,0
2003-09-08,0
2003-09-09,0
2003-09-10,0
2003-09-11,0
2003-09-12,0
2003-09-13,0
2003-09-14,0
2003-09-15,0
2003-09-16,0
2003-09-17,0
2003-09-18,0
2003-09-19,0
2003-09-20,0
2003-09-21,0
2003-09-22,0
2003-09-23,0
2003-09-24,0
2003-09-25,0
2003-09-26,0
2003-09-27,0
2003-09-28,0
2003-09-29,0
2003-09-30,0
2003-10-01,0
2003-10-02,0
2003-10-03,0
2003-10-04,0
2003-10-05,0
2003-10-06,0
2003-10-07,0
2003-10-08,0
2003-10-09,0
2003-10-10,0
2003-10-11,0
2003-10-12,0
2003-10-13,0
2003-10-14,0
2003-10-15,0
2003-10-16,0
2003-10-17,0
2003-10-18,0
2003-10-19,0
2003-10-20,0
2003-10-21,0
2003-10-22,0
2003-10-23,0
2003-10-24,0
2003-10-25,0
2003-10-26,0
2003-10-27,0
2003-10-28,0
2003-10-29,0
2003-10-30,0
2003-10-31,0
2003-11-01,0
2003-11-02,0
2003-11-03,0
2003-11-04,0
2003-11-05,0
2003-11-06,0
2003-11-07,0
2003-11-08,0
2003-11-09,0
2003-11-10,0
2003-11-11,0
2003-11-12,0
2003-11-13,0
2003-11-14,0
2003-11-15,0
2003-11-16,0
2003-11-17,0
2003-11-18,0
2003-11-19,0
2003-11-20,0
2003-11-21,0
2003-11-22,0.400000006
2003-11-23,0
2003-11-24,0
2003-11-25,0
2003-11-26,0
2003-11-27,0
2003-11-28,0
2003-11-29,0
2003-11-30,0
2003-12-01,0
2003-12-02,0
2003-12-03,0
2003-12-04,0
2003-12-05,0
2003-12-06,0
2003-12-07,0
2003-12-08,0
2003-12-09,0
2003-12-10,0
2003-12-11,0
2003-12-12,0
2003-12-13,0
2003-12-14,0
2003-12-15,0
2003-12-16,0
2003-12-17,0
2003-12-18,0
2003-12-19,0
2003-12-20,0
2003-12-21,0
2003-12-22,0
2003-12-23,0
2003-12-24,0
2003-12-25,0
2003-12-26,4.5
2003-12-27,0
2003-12-28,0
2003-12-29,0
2003-12-30,0
2003-12-31,0
2004-01-01,0
2004-01-02,0
2004-01-03,0
2004-01-04,0
2004-01-05,4.900000095
2004-01-06,40.59999847
2004-01-07,6
2004-01-08,16
2004-01-09,0
2004-01-10,0
2004-01-11,0
2004-01-12,0
2004-01-13,0
2004-01-14,0
2004-01-15,0
2004-01-16,0
2004-01-17,0
2004-01-18,0
2004-01-19,0
2004-01-20,0
2004-01-21,0
2004-01-22,0
2004-01-23,0
2004-01-24,0
2004-01-25,0
2004-01-26,0
2004-01-27,0
2004-01-28,0
2004-01-29,0
2004-01-30,0
2004-01-31,0
2004-02-01,0
2004-02-02,0
2004-02-03,0
2004-02-04,7
2004-02-05,0
2004-02-06,0
2004-02-07,3.799999952
2004-02-08,2.799999952
2004-02-09,1
2004-02-10,0
2004-02-11,0
2004-02-12,0.5
2004-02-13,0
2004-02-14,0.100000001
2004-02-15,0
2004-02-16,0
2004-02-17,0
2004-02-18,5
2004-02-19,0
2004-02-20,0
2004-02-21,0
2004-02-22,0
2004-02-23,0
2004-02-24,0
2004-02-25,0
2004-02-26,0
2004-02-27,0
2004-02-28,0
2004-02-29,0
2004-03-01,0.300000012
2004-03-02,0
2004-03-03,0
2004-03-04,0
2004-03-05,0.400000006
2004-03-06,0
2004-03-07,3.200000048
2004-03-08,0
2004-03-09,0
2004-03-10,0
2004-03-11,0
2004-03-12,0
2004-03-13,0
2004-03-14,0
2004-03-15,0
2004-03-16,0.800000012
2004-03-17,0
2004-03-18,0
2004-03-19,0
2004-03-20,0
2004-03-21,0
2004-03-22,0
2004-03-23,0
2004-03-24,0
2004-03-25,3
2004-03-26,1
2004-03-27,0
2004-03-28,1.5
2004-03-29,0
2004-03-30,0
2004-03-31,0
2004-04-01,0
2004-04-02,0
2004-04-03,0
2004-04-04,0
2004-04-05,0
2004-04-06,0
2004-04-07,0
2004-04-08,0
2004-04-09,0
2004-04-10,1
2004-04-11,0
2004-04-12,0
2004-04-13,28.5
2004-04-14,4.5
2004-04-15,47
2004-04-16,0
2004-04-17,0
2004-04-18,0
2004-04-19,0
2004-04-20,0
2004-04-21,0
2004-04-22,0
2004-04-23,0
2004-04-24,0.5
2004-04-25,0
2004-04-26,0
2004-04-27,0
2004-04-28,0
2004-04-29,0
2004-04-30,0
2004-05-01,0
2004-05-02,0
2004-05-03,0
2004-05-04,0
2004-05-05,0
2004-05-06,0.5
2004-05-07,1
2004-05-08,0
2004-05-09,0
2004-05-10,0
2004-05-11,0
2004-05-12,0
2004-05-13,0
2004-05-14,0
2004-05-15,0
2004-05-16,0
2004-05-17,0
2004-05-18,0
2004-05-19,0
2004-05-20,0
2004-05-21,0
2004-05-22,0
2004-05-23,0
2004-05-24,0
2004-05-25,1.700000048
2004-05-26,0
2004-05-27,0
2004-05-28,0
2004-05-29,0
2004-05-30,0
2004-05-31,0
2004-06-01,0
2004-06-02,0
2004-06-03,0
2004-06-04,0
2004-06-05,0
2004-06-06,0
2004-06-07,0
2004-06-08,0
2004-06-09,0
2004-06-10,0
2004-06-11,0
2004-06-12,0
2004-06-13,0
2004-06-14,0
2004-06-15,0
2004-06-16,0
2004-06-17,0
2004-06-18,0
2004-06-19,0
2004-06-20,0
2004-06-21,0
2004-06-22,0
2004-06-23,0
2004-06-24,0
2004-06-25,0
2004-06-26,0
2004-06-27,0
2004-06-28,0
2004-06-29,0
2004-06-30,0
2004-07-01,0
2004-07-02,0
2004-07-03,0
2004-07-04,0
2004-07-05,0
2004-07-06,0
2004-07-07,0
2004-07-08,0
2004-07-09,0
2004-07-10,0
2004-07-11,0
2004-07-12,0
2004-07-13,0
2004-07-14,0
2004-07-15,0
2004-07-16,0
2004-07-17,0
2004-07-18,0
2004-07-19,0
2004-07-20,0
2004-07-21,0
2004-07-22,0
2004-07-23,0
2004-07-24,0
2004-07-25,0
2004-07-26,0
2004-07-27,0
2004-07-28,0
2004-07-29,0
2004-07-30,0
2004-07-31,0
2004-08-01,0
2004-08-02,0
2004-08-03,0
2004-08-04,0
2004-08-05,0
2004-08-06,0
2004-08-07,0
2004-08-08,0
2004-08-09,0
2004-08-10,0
2004-08-11,0
2004-08-12,0
2004-08-13,0
2004-08-14,0
2004-08-15,0
2004-08-16,0
2004-08-17,0
2004-08-18,0
2004-08-19,0
2004-08-20,0
2004-08-21,0
2004-08-22,0
2004-08-23,0
2004-08-24,0
2004-08-25,0
2004-08-26,0
2004-08-27,0
2004-08-28,0
2004-08-29,0
2004-08-30,0
2004-08-31,0
2004-09-01,0
2004-09-02,0
2004-09-03,0
2004-09-04,0
2004-09-05,0
2004-09-06,0
2004-09-07,0
2004-09-08,0
2004-09-09,0
2004-09-10,0
2004-09-11,0
2004-09-12,0
2004-09-13,0
2004-09-14,0
2004-09-15,0
2004-09-16,0
2004-09-17,0
2004-09-18,0
2004-09-19,0
2004-09-20,0
2004-09-21,0
2004-09-22,0
2004-09-23,0
2004-09-24,0
2004-09-25,0
2004-09-26,0
2004-09-27,0
2004-09-28,0
2004-09-29,0
2004-09-30,0
2004-10-01,0
2004-10-02,0
2004-10-03,0
2004-10-04,0
2004-10-05,0
2004-10-06,0
2004-10-07,0
2004-10-08,0
2004-10-09,0
2004-10-10,0
2004-10-11,0
2004-10-12,0
2004-10-13,0
2004-10-14,0
2004-10-15,0
2004-10-16,0
2004-10-17,0
2004-10-18,0
2004-10-19,0
2004-10-20,6
2004-10-21,0
2004-10-22,0
2004-10-23,2.200000048
2004-10-24,0
2004-10-25,0
2004-10-26,0
2004-10-27,0
2004-10-28,0
2004-10-29,0
2004-10-30,0
2004-10-31,0
2004-11-01,0
2004-11-02,0
2004-11-03,0
2004-11-04,0
2004-11-05,0
2004-11-06,0
2004-11-07,0
2004-11-08,0
2004-11-09,0
2004-11-10,0
2004-11-11,0
2004-11-12,0
2004-11-13,0
2004-11-14,0
2004-11-15,0
2004-11-16,0
2004-11-17,0
2004-11-18,0
2004-11-19,0
2004-11-20,0
2004-11-21,0
2004-11-22,0
2004-11-23,0
2004-11-24,0
2004-11-25,0
2004-11-26,0
2004-11-27,0
2004-11-28,0
2004-11-29,0
2004-11-30,0
2004-12-01,0
2004-12-02,0
2004-12-03,0
2004-12-04,0
2004-12-05,0
2004-12-06,0
2004-12-07,0
2004-12-08,0
2004-12-09,0
2004-12-10,0
2004-12-11,0
2004-12-12,0
2004-12-13,0
2004-12-14,0.800000012
2004-12-15,15.5
2004-12-16,0
2004-12-17,0
2004-12-18,0
2004-12-19,0
2004-12-20,0
2004-12-21,0
2004-12-22,0
2004-12-23,0
2004-12-24,0
2004-12-25,0
2004-12-26,0
2004-12-27,0
2004-12-28,0
2004-12-29,0
2004-12-30,0
2004-12-31,0
2005-01-01,0
2005-01-02,0
2005-01-03,0
2005-01-04,0
2005-01-05,0
2005-01-06,0
2005-01-07,2
2005-01-08,0
2005-01-09,0
2005-01-10,0
2005-01-11,0
2005-01-12,0
2005-01-13,0
2005-01-14,0
2005-01-15,0
2005-01-16,0
2005-01-17,0
2005-01-18,0
2005-01-19,0
2005-01-20,0
2005-01-21,0
2005-01-22,0
2005-01-23,0
2005-01-24,0
2005-01-25,0
2005-01-26,0
2005-01-27,0
2005-01-28,0
2005-01-29,0
2005-01-30,0
2005-01-31,0
2005-02-01,0
2005-02-02,0
2005-02-03,0
2005-02-04,0
2005-02-05,0
2005-02-06,0
2005-02-07,0
2005-02-08,0
2005-02-09,1
2005-02-10,1
2005-02-11,2.099999905
2005-02-12,2.299999952
2005-02-13,0
2005-02-14,0
2005-02-15,6
2005-02-16,1.5
2005-02-17,0
2005-02-18,0
2005-02-19,0
2005-02-20,0
2005-02-21,0
2005-02-22,0
2005-02-23,0
2005-02-24,0
2005-02-25,0
2005-02-26,0
2005-02-27,0.400000006
2005-02-28,0
2005-03-01,0.800000012
2005-03-02,0
2005-03-03,2.099999905
2005-03-04,3.599999905
2005-03-05,18.20000076
2005-03-06,57
2005-03-07,26
2005-03-08,0
2005-03-09,0
2005-03-10,0
2005-03-11,2.599999905
2005-03-12,4.400000095
2005-03-13,1.100000024
2005-03-14,0
2005-03-15,1.100000024
2005-03-16,0.600000024
2005-03-17,0
2005-03-18,0
2005-03-19,0
2005-03-20,0
2005-03-21,0
2005-03-22,0
2005-03-23,0
2005-03-24,0
2005-03-25,0.899999976
2005-03-26,0
2005-03-27,5.300000191
2005-03-28,1.799999952
2005-03-29,0
2005-03-30,0.400000006
2005-03-31,0
2005-04-01,0
2005-04-02,0
2005-04-03,0
2005-04-04,0
2005-04-05,0
2005-04-06,0
2005-04-07,0
2005-04-08,0
2005-04-09,0
2005-04-10,0
2005-04-11,0
2005-04-12,0
2005-04-13,0
2005-04-14,0
2005-04-15,0
2005-04-16,0
2005-04-17,0
2005-04-18,0
2005-04-19,0
2005-04-20,0
2005-04-21,0
2005-04-22,0
2005-04-23,0
2005-04-24,0
2005-04-25,0
2005-04-26,0
2005-04-27,0
2005-04-28,0
2005-04-29,0
2005-04-30,0
2005-05-01,0
2005-05-02,0
2005-05-03,0
2005-05-04,0
2005-05-05,0
2005-05-06,0
2005-05-07,0
2005-05-08,0
2005-05-09,0
2005-05-10,0
2005-05-11,0
2005-05-12,0
2005-05-13,0
2005-05-14,0
2005-05-15,0
2005-05-16,0
2005-05-17,0
2005-05-18,0
2005-05-19,0
2005-05-20,0
2005-05-21,0
2005-05-22,0
2005-05-23,0
2005-05-24,0
2005-05-25,0
2005-05-26,0
2005-05-27,0
2005-05-28,0
2005-05-29,0
2005-05-30,0
2005-05-31,0
2005-06-01,0
2005-06-02,0
2005-06-03,0
2005-06-04,0
2005-06-05,0
2005-06-06,0
2005-06-07,0
2005-06-08,0
2005-06-09,0
2005-06-10,0
2005-06-11,0
2005-06-12,0
2005-06-13,0
2005-06-14,0
2005-06-15,0
2005-06-16,0
2005-06-17,0
2005-06-18,0
2005-06-19,0
2005-06-20,0
2005-06-21,0
2005-06-22,0
2005-06-23,0
2005-06-24,0
2005-06-25,0
2005-06-26,0
2005-06-27,0
2005-06-28,0
2005-06-29,0
2005-06-30,0
2005-07-01,0
2005-07-02,0
2005-07-03,0
2005-07-04,0
2005-07-05,0
2005-07-06,0
2005-07-07,0
2005-07-08,0
2005-07-09,0
2005-07-10,0
2005-07-11,0
2005-07-12,0
2005-07-13,0
2005-07-14,0
2005-07-15,0
2005-07-16,0
2005-07-17,0
2005-07-18,0
2005-07-19,0
2005-07-20,0
2005-07-21,0
2005-07-22,0
2005-07-23,0
2005-07-24,0
2005-07-25,0
2005-07-26,0
2005-07-27,0
2005-07-28,0
2005-07-29,0
2005-07-30,0
2005-07-31,0
2005-08-01,0
2005-08-02,0
2005-08-03,0
2005-08-04,0
2005-08-05,0
2005-08-06,0
2005-08-07,0
2005-08-08,0
2005-08-09,0
2005-08-10,0
2005-08-11,0
2005-08-12,0
2005-08-13,0
2005-08-14,0
2005-08-15,0
2005-08-16,0
2005-08-17,0
2005-08-18,0
2005-08-19,0
2005-08-20,0
2005-08-21,0
2005-08-22,0
2005-08-23,0
2005-08-24,0
2005-08-25,0
2005-08-26,0
2005-08-27,0
2005-08-28,0
2005-08-29,0
2005-08-30,0
2005-08-31,0
2005-09-01,0
2005-09-02,0
2005-09-03,0
2005-09-04,0
2005-09-05,0
2005-09-06,0
2005-09-07,0
2005-09-08,0
2005-09-09,0
2005-09-10,0
2005-09-11,0
2005-09-12,0
2005-09-13,0
2005-09-14,0
2005-09-15,0
2005-09-16,0
2005-09-17,0
2005-09-18,0
2005-09-19,0
2005-09-20,0
2005-09-21,0
2005-09-22,0
2005-09-23,0
2005-09-24,0
2005-09-25,0
2005-09-26,0
2005-09-27,0
2005-09-28,0
2005-09-29,0
2005-09-30,0
2005-10-01,0
2005-10-02,0
2005-10-03,0
2005-10-04,0
2005-10-05,0
2005-10-06,0
2005-10-07,0
2005-10-08,0
2005-10-09,0
2005-10-10,0.200000003
2005-10-11,0
2005-10-12,0
2005-10-13,0
2005-10-14,0
2005-10-15,0
2005-10-16,0
2005-10-17,0
2005-10-18,0
2005-10-19,0
2005-10-20,0
2005-10-21,0.5
2005-10-22,0
2005-10-23,0
2005-10-24,0
2005-10-25,0
2005-10-26,0
2005-10-27,0
2005-10-28,0
2005-10-29,0
2005-10-30,0
2005-10-31,0
2005-11-01,0
2005-11-02,0
2005-11-03,0
2005-11-04,0
2005-11-05,0
2005-11-06,0
2005-11-07,0
2005-11-08,0
2005-11-09,0
2005-11-10,0
2005-11-11,0
2005-11-12,0
2005-11-13,0
2005-11-14,0
2005-11-15,0
2005-11-16,0
2005-11-17,0
2005-11-18,0
2005-11-19,0
2005-11-20,0
2005-11-21,0
2005-11-22,0
2005-11-23,0
2005-11-24,0
2005-11-25,0
2005-11-26,0
2005-11-27,0
2005-11-28,0
2005-11-29,0
2005-11-30,0
2005-12-01,0
2005-12-02,0
2005-12-03,0
2005-12-04,0
2005-12-05,0
2005-12-06,0
2005-12-07,0
2005-12-08,0
2005-12-09,0
2005-12-10,0
2005-12-11,0
2005-12-12,0
2005-12-13,0
2005-12-14,0
2005-12-15,0
2005-12-16,0
2005-12-17,0
2005-12-18,0
2005-12-19,0
2005-12-20,0
2005-12-21,0
2005-12-22,0
2005-12-23,0
2005-12-24,0.600000024
2005-12-25,0
2005-12-26,0.200000003
2005-12-27,0
2005-12-28,0
2005-12-29,0
2005-12-30,0
2005-12-31,0
2006-01-01,0
2006-01-02,0
2006-01-03,0
2006-01-04,0
2006-01-05,0
2006-01-06,0
2006-01-07,2
2006-01-08,0
2006-01-09,0
2006-01-10,0
2006-01-11,0
2006-01-12,0
2006-01-13,0
2006-01-14,0
2006-01-15,0
2006-01-16,0
2006-01-17,0
2006-01-18,0
2006-01-19,0
2006-01-20,0
2006-01-21,0
2006-01-22,0
2006-01-23,0
2006-01-24,0
2006-01-25,0
2006-01-26,0
2006-01-27,0
2006-01-28,0
2006-01-29,0
2006-01-30,0
2006-01-31,0
2006-02-01,0
2006-02-02,0
2006-02-03,0
2006-02-04,0
2006-02-05,0
2006-02-06,0
2006-02-07,0
2006-02-08,0
2006-02-09,1
2006-02-10,1
2006-02-11,2.099999905
2006-02-12,2.299999952
2006-02-13,0
2006-02-14,0
2006-02-15,6
2006-02-16,1.5
2006-02-17,0
2006-02-18,0
2006-02-19,0
2006-02-20,0
2006-02-21,0
2006-02-22,0
2006-02-23,0
2006-02-24,0
2006-02-25,0
2006-02-26,0
2006-02-27,0.400000006
2006-02-28,0
2006-03-01,0.800000012
2006-03-02,0
2006-03-03,2.099999905
2006-03-04,3.599999905
2006-03-05,18.20000076
2006-03-06,57
2006-03-07,26
2006-03-08,0
2006-03-09,0
2006-03-10,0
2006-03-11,2.599999905
2006-03-12,4.400000095
2006-03-13,1.100000024
2006-03-14,0
2006-03-15,1.100000024
2006-03-16,0.600000024
2006-03-17,0
2006-03-18,0
2006-03-19,0
2006-03-20,0
2006-03-21,0
2006-03-22,0
2006-03-23,0
2006-03-24,0
2006-03-25,0.899999976
2006-03-26,0
2006-03-27,5.300000191
2006-03-28,1.799999952
2006-03-29,0
2006-03-30,0.400000006
2006-03-31,0
2006-04-01,0
2006-04-02,0
2006-04-03,0
2006-04-04,0
2006-04-05,0
2006-04-06,0
2006-04-07,0
2006-04-08,0
2006-04-09,0
2006-04-10,0
2006-04-11,0
2006-04-12,0
2006-04-13,0
2006-04-14,0
2006-04-15,0
2006-04-16,0
2006-04-17,0
2006-04-18,0
2006-04-19,0
2006-04-20,0
2006-04-21,0
2006-04-22,0
2006-04-23,0
2006-04-24,0
2006-04-25,0
2006-04-26,0
2006-04-27,0
2006-04-28,0
2006-04-29,0
2006-04-30,0
2006-05-01,0
2006-05-02,0
2006-05-03,0
2006-05-04,0
2006-05-05,0
2006-05-06,0
2006-05-07,0
2006-05-08,0
2006-05-09,0
2006-05-10,0
2006-05-11,0
2006-05-12,0
2006-05-13,0
2006-05-14,0
2006-05-15,0
2006-05-16,0
2006-05-17,0
2006-05-18,0
2006-05-19,0
2006-05-20,0
2006-05-21,0
2006-05-22,0
2006-05-23,0
2006-05-24,0
2006-05-25,0
2006-05-26,0
2006-05-27,0
2006-05-28,0
2006-05-29,0
2006-05-30,0
2006-05-31,0
2006-06-01,0
2006-06-02,0
2006-06-03,0
2006-06-04,0
2006-06-05,0
2006-06-06,0
2006-06-07,0
2006-06-08,0
2006-06-09,0
2006-06-10,0
2006-06-11,0
2006-06-12,0
2006-06-13,0
2006-06-14,0
2006-06-15,0
2006-06-16,0
2006-06-17,0
2006-06-18,0
2006-06-19,0
2006-06-20,0
2006-06-21,0
2006-06-22,0
2006-06-23,0
2006-06-24,0
2006-06-25,0
2006-06-26,0
2006-06-27,0
2006-06-28,0
2006-06-29,0
2006-06-30,0
2006-07-01,0
2006-07-02,0
2006-07-03,0
2006-07-04,0
2006-07-05,0
2006-07-06,0
2006-07-07,0
2006-07-08,0
2006-07-09,0
2006-07-10,0
2006-07-11,0
2006-07-12,0
2006-07-13,0
2006-07-14,0
2006-07-15,0
2006-07-16,0
2006-07-17,0
2006-07-18,0
2006-07-19,0
2006-07-20,0
2006-07-21,0
2006-07-22,0
2006-07-23,0
2006-07-24,0
2006-07-25,0
2006-07-26,0
2006-07-27,0
2006-07-28,0
2006-07-29,0
2006-07-30,0
2006-07-31,0
2006-08-01,0
2006-08-02,0
2006-08-03,0
2006-08-04,0
2006-08-05,0
2006-08-06,0
2006-08-07,0
2006-08-08,0
2006-08-09,0
2006-08-10,0
2006-08-11,0
2006-08-12,0
2006-08-13,0
2006-08-14,0
2006-08-15,0
2006-08-16,0
2006-08-17,0
2006-08-18,0
2006-08-19,0
2006-08-20,0
2006-08-21,0
2006-08-22,0
2006-08-23,0
2006-08-24,0
2006-08-25,0
2006-08-26,0
2006-08-27,0
2006-08-28,0
2006-08-29,0
2006-08-30,0
2006-08-31,0
2006-09-01,0
2006-09-02,0
2006-09-03,0
2006-09-04,0
2006-09-05,0
2006-09-06,0
2006-09-07,0
2006-09-08,0
2006-09-09,0
2006-09-10,0
2006-09-11,0
2006-09-12,0
2006-09-13,0
2006-09-14,0
2006-09-15,0
2006-09-16,0
2006-09-17,0
2006-09-18,0
2006-09-19,0
2006-09-20,0
2006-09-21,0
2006-09-22,0
2006-09-23,0
2006-09-24,0
2006-09-25,0
2006-09-26,0
2006-09-27,0
2006-09-28,0
2006-09-29,0
2006-09-30,0
2006-10-01,0
2006-10-02,0
2006-10-03,0
2006-10-04,0
2006-10-05,0
2006-10-06,0
2006-10-07,0
2006-10-08,0
2006-10-09,0
2006-10-10,0.200000003
2006-10-11,0
2006-10-12,0
2006-10-13,0
2006-10-14,0
2006-10-15,0
2006-10-16,0
2006-10-17,0
2006-10-18,0
2006-10-19,0
2006-10-20,0
2006-10-21,0.5
2006-10-22,0
2006-10-23,0
2006-10-24,0
2006-10-25,0
2006-10-26,0
2006-10-27,0
2006-10-28,0
2006-10-29,0
2006-10-30,0
2006-10-31,0
2006-11-01,0
2006-11-02,0
2006-11-03,0
2006-11-04,0
2006-11-05,0
2006-11-06,0
2006-11-07,0
2006-11-08,0
2006-11-09,0
2006-11-10,0
2006-11-11,0
2006-11-12,0
2006-11-13,0
2006-11-14,0
2006-11-15,0
2006-11-16,0
2006-11-17,0
2006-11-18,0
2006-11-19,0
2006-11-20,0
2006-11-21,0
2006-11-22,0
2006-11-23,0
2006-11-24,0
2006-11-25,0
2006-11-26,0
2006-11-27,0
2006-11-28,0
2006-11-29,0
2006-11-30,0
2006-12-01,0
2006-12-02,0
2006-12-03,0
2006-12-04,0
2006-12-05,0
2006-12-06,0
2006-12-07,0
2006-12-08,0
2006-12-09,0
2006-12-10,0
2006-12-11,0
2006-12-12,0
2006-12-13,0
2006-12-14,0
2006-12-15,0
2006-12-16,0
2006-12-17,0
2006-12-18,0
2006-12-19,0
2006-12-20,0
2006-12-21,0
2006-12-22,0
2006-12-23,0
2006-12-24,0.600000024
2006-12-25,0
2006-12-26,0.200000003
2006-12-27,0
2006-12-28,0
2006-12-29,0
2006-12-30,0
2006-12-31,0
2007-01-01,0
2007-01-02,0
2007-01-03,0
2007-01-04,0
2007-01-05,0
2007-01-06,0
2007-01-07,0
2007-01-08,0
2007-01-09,0
2007-01-10,1.600000024
2007-01-11,0
2007-01-12,0
2007-01-13,0.100000001
2007-01-14,0
2007-01-15,0
2007-01-16,0
2007-01-17,0
2007-01-18,1.799999952
2007-01-19,14
2007-01-20,0
2007-01-21,8
2007-01-22,0
2007-01-23,0
2007-01-24,3.900000095
2007-01-25,4.900000095
2007-01-26,4.5
2007-01-27,0.300000012
2007-01-28,0.100000001
2007-01-29,0
2007-01-30,0
2007-01-31,0
2007-02-01,0
2007-02-02,0
2007-02-03,0
2007-02-04,0
2007-02-05,0
2007-02-06,0
2007-02-07,0
2007-02-08,3.799999952
2007-02-09,4.099999905
2007-02-10,0
2007-02-11,0
2007-02-12,0
2007-02-13,0.300000012
2007-02-14,0
2007-02-15,0
2007-02-16,0.800000012
2007-02-17,0
2007-02-18,0
2007-02-19,0
2007-02-20,0
2007-02-21,0
2007-02-22,0
2007-02-23,0
2007-02-24,0
2007-02-25,0
2007-02-26,0
2007-02-27,0
2007-02-28,0
2007-03-01,0
2007-03-02,0
2007-03-03,0
2007-03-04,0
2007-03-05,5.5
2007-03-06,18.79999924
2007-03-07,2.700000048
2007-03-08,0.5
2007-03-09,2.700000048
2007-03-10,4.199999809
2007-03-11,2.900000095
2007-03-12,21.39999962
2007-03-13,58
2007-03-14,1
2007-03-15,0
2007-03-16,0
2007-03-17,0
2007-03-18,0.5
2007-03-19,0
2007-03-20,0
2007-03-21,0
2007-03-22,0
2007-03-23,1.600000024
2007-03-24,0
2007-03-25,0
2007-03-26,0
2007-03-27,0.5
2007-03-28,1.700000048
2007-03-29,1.200000048
2007-03-30,0
2007-03-31,0
2007-04-01,0.899999976
2007-04-02,0
2007-04-03,0
2007-04-04,0
2007-04-05,0
2007-04-06,0
2007-04-07,0
2007-04-08,1.200000048
2007-04-09,0.899999976
2007-04-10,0
2007-04-11,0
2007-04-12,0
2007-04-13,0
2007-04-14,0
2007-04-15,0
2007-04-16,0
2007-04-17,0
2007-04-18,0
2007-04-19,0
2007-04-20,0
2007-04-21,0
2007-04-22,0
2007-04-23,0
2007-04-24,0.800000012
2007-04-25,0
2007-04-26,0.100000001
2007-04-27,0.5
2007-04-28,0
2007-04-29,0
2007-04-30,0
2007-05-01,0
2007-05-02,0
2007-05-03,0
2007-05-04,0
2007-05-05,0
2007-05-06,0
2007-05-07,0
2007-05-08,0
2007-05-09,0
2007-05-10,0
2007-05-11,0
2007-05-12,0
2007-05-13,0
2007-05-14,0
2007-05-15,0
2007-05-16,0
2007-05-17,0
2007-05-18,0
2007-05-19,0
2007-05-20,0
2007-05-21,0
2007-05-22,0
2007-05-23,0
2007-05-24,0
2007-05-25,0
2007-05-26,0
2007-05-27,0
2007-05-28,0
2007-05-29,0
2007-05-30,0
2007-05-31,0
2007-06-01,0
2007-06-02,0
2007-06-03,0
2007-06-04,0
2007-06-05,0
2007-06-06,0
2007-06-07,0
2007-06-08,0
2007-06-09,0
2007-06-10,0
2007-06-11,0
2007-06-12,0
2007-06-13,0
2007-06-14,0
2007-06-15,0
2007-06-16,0
2007-06-17,0
2007-06-18,0
2007-06-19,0
2007-06-20,0
2007-06-21,0.200000003
2007-06-22,0.100000001
2007-06-23,0
2007-06-24,0
2007-06-25,0
2007-06-26,0
2007-06-27,0
2007-06-28,0
2007-06-29,0
2007-06-30,0
2007-07-01,0
2007-07-02,0
2007-07-03,0
2007-07-04,0
2007-07-05,0
2007-07-06,0
2007-07-07,0
2007-07-08,0
2007-07-09,0
2007-07-10,0
2007-07-11,0
2007-07-12,0
2007-07-13,0
2007-07-14,0
2007-07-15,0
2007-07-16,0
2007-07-17,0
2007-07-18,0
2007-07-19,0
2007-07-20,0
2007-07-21,0
2007-07-22,0
2007-07-23,0
2007-07-24,0
2007-07-25,0
2007-07-26,0
2007-07-27,0
2007-07-28,0
2007-07-29,0
2007-07-30,0
2007-07-31,0
2007-08-01,0
2007-08-02,0
2007-08-03,0
2007-08-04,0
2007-08-05,0
2007-08-06,0
2007-08-07,0
2007-08-08,0
2007-08-09,0
2007-08-10,0
2007-08-11,0
2007-08-12,0
2007-08-13,0
2007-08-14,0
2007-08-15,0
2007-08-16,0
2007-08-17,0
2007-08-18,0
2007-08-19,0
2007-08-20,0
2007-08-21,0
2007-08-22,0
2007-08-23,0
2007-08-24,0
2007-08-25,0
2007-08-26,0
2007-08-27,0
2007-08-28,0
2007-08-29,0
2007-08-30,0
2007-08-31,0
2007-09-01,0
2007-09-02,0
2007-09-03,0
2007-09-04,0
2007-09-05,0
2007-09-06,0
2007-09-07,0
2007-09-08,0
2007-09-09,0
2007-09-10,0
2007-09-11,0
2007-09-12,0
2007-09-13,0
2007-09-14,0
2007-09-15,0
2007-09-16,0
2007-09-17,0
2007-09-18,0
2007-09-19,0
2007-09-20,0
2007-09-21,0
2007-09-22,0
2007-09-23,0
2007-09-24,0
2007-09-25,0
2007-09-26,0
2007-09-27,0
2007-09-28,0
2007-09-29,0
2007-09-30,0
2007-10-01,0
2007-10-02,0
2007-10-03,0
2007-10-04,0
2007-10-05,0
2007-10-06,0
2007-10-07,1
2007-10-08,0.100000001
2007-10-09,0
2007-10-10,0
2007-10-11,0
2007-10-12,0
2007-10-13,0
2007-10-14,0
2007-10-15,0
2007-10-16,0
2007-10-17,0
2007-10-18,0.5
2007-10-19,0
2007-10-20,0
2007-10-21,0
2007-10-22,3.200000048
2007-10-23,0.600000024
2007-10-24,0
2007-10-25,0
2007-10-26,0
2007-10-27,0
2007-10-28,0
2007-10-29,0
2007-10-30,0
2007-10-31,0
2007-11-01,0
2007-11-02,0
2007-11-03,0
2007-11-04,0
2007-11-05,0
2007-11-06,0.699999988
2007-11-07,0
2007-11-08,0
2007-11-09,4
2007-11-10,0.5
2007-11-11,0
2007-11-12,0
2007-11-13,0
2007-11-14,0
2007-11-15,0
2007-11-16,0
2007-11-17,0
2007-11-18,0
2007-11-19,0
2007-11-20,0
2007-11-21,1.299999952
2007-11-22,0.600000024
2007-11-23,0
2007-11-24,0.200000003
2007-11-25,0
2007-11-26,0
2007-11-27,0
2007-11-28,0
2007-11-29,0
2007-11-30,0
2007-12-01,0
2007-12-02,0
2007-12-03,0
2007-12-04,0
2007-12-05,0
2007-12-06,0
2007-12-07,0
2007-12-08,0
2007-12-09,0
2007-12-10,0
2007-12-11,0
2007-12-12,0
2007-12-13,0
2007-12-14,0
2007-12-15,0
2007-12-16,0
2007-12-17,0
2007-12-18,0
2007-12-19,0
2007-12-20,0
2007-12-21,0
2007-12-22,0
2007-12-23,0
2007-12-24,0
2007-12-25,0
2007-12-26,0
2007-12-27,0
2007-12-28,0
2007-12-29,0
2007-12-30,0
2007-12-31,0
